GEOID,NAME,variable,estimate,moe,year,label_short
2502702760,Auburn,B25002_002,6417,227,2010,Occupied
2502702760,Auburn,B25002_003,343,120,2010,Vacant
2502703740,Barre,B25002_002,2081,160,2010,Occupied
2502703740,Barre,B25002_003,287,146,2010,Vacant
2502705490,Berlin,B25002_002,1044,59,2010,Occupied
2502705490,Berlin,B25002_003,0,127,2010,Vacant
2502706015,Blackstone,B25002_002,3366,204,2010,Occupied
2502706015,Blackstone,B25002_003,360,161,2010,Vacant
2502707525,Boylston,B25002_002,1698,75,2010,Occupied
2502707525,Boylston,B25002_003,97,83,2010,Vacant
2502709105,Brookfield,B25002_002,1375,82,2010,Occupied
2502709105,Brookfield,B25002_003,40,46,2010,Vacant
2502712715,Charlton,B25002_002,4454,169,2010,Occupied
2502712715,Charlton,B25002_003,485,167,2010,Vacant
2502717300,Douglas,B25002_002,3026,167,2010,Occupied
2502717300,Douglas,B25002_003,180,130,2010,Vacant
2502717685,Dudley,B25002_002,3931,229,2010,Occupied
2502717685,Dudley,B25002_003,129,90,2010,Vacant
2502718560,East Brookfield,B25002_002,736,61,2010,Occupied
2502718560,East Brookfield,B25002_003,150,67,2010,Vacant
2502726430,Grafton,B25002_002,6225,224,2010,Occupied
2502726430,Grafton,B25002_003,291,98,2010,Vacant
2502728740,Hardwick,B25002_002,1180,90,2010,Occupied
2502728740,Hardwick,B25002_003,110,51,2010,Vacant
2502730560,Holden,B25002_002,6317,189,2010,Occupied
2502730560,Holden,B25002_003,259,124,2010,Vacant
2502730945,Hopedale,B25002_002,2115,168,2010,Occupied
2502730945,Hopedale,B25002_003,0,127,2010,Vacant
2502734795,Leicester,B25002_002,3951,187,2010,Occupied
2502734795,Leicester,B25002_003,366,148,2010,Vacant
2502740255,Mendon,B25002_002,1955,102,2010,Occupied
2502740255,Mendon,B25002_003,127,75,2010,Vacant
2502741340,Millbury,B25002_002,5360,214,2010,Occupied
2502741340,Millbury,B25002_003,240,127,2010,Vacant
2502741585,Millville,B25002_002,1032,55,2010,Occupied
2502741585,Millville,B25002_003,39,42,2010,Vacant
2502745105,New Braintree,B25002_002,358,50,2010,Occupied
2502745105,New Braintree,B25002_003,5,5,2010,Vacant
2502746820,Northborough,B25002_002,5059,165,2010,Occupied
2502746820,Northborough,B25002_003,158,105,2010,Vacant
2502746925,Northbridge,B25002_002,5492,201,2010,Occupied
2502746925,Northbridge,B25002_003,175,130,2010,Vacant
2502747135,North Brookfield,B25002_002,1964,138,2010,Occupied
2502747135,North Brookfield,B25002_003,0,127,2010,Vacant
2502750670,Oakham,B25002_002,674,37,2010,Occupied
2502750670,Oakham,B25002_003,20,16,2010,Vacant
2502751825,Oxford,B25002_002,5425,220,2010,Occupied
2502751825,Oxford,B25002_003,163,112,2010,Vacant
2502752420,Paxton,B25002_002,1582,105,2010,Occupied
2502752420,Paxton,B25002_003,38,43,2010,Vacant
2502755395,Princeton,B25002_002,1251,67,2010,Occupied
2502755395,Princeton,B25002_003,58,59,2010,Vacant
2502758825,Rutland,B25002_002,2540,159,2010,Occupied
2502758825,Rutland,B25002_003,92,65,2010,Vacant
2502761800,Shrewsbury,B25002_002,13026,274,2010,Occupied
2502761800,Shrewsbury,B25002_003,602,231,2010,Vacant
2502766105,Spencer,B25002_002,4608,247,2010,Occupied
2502766105,Spencer,B25002_003,414,167,2010,Vacant
2502768155,Sturbridge,B25002_002,3686,152,2010,Occupied
2502768155,Sturbridge,B25002_003,355,144,2010,Vacant
2502768610,Sutton,B25002_002,3137,133,2010,Occupied
2502768610,Sutton,B25002_003,72,56,2010,Vacant
2502771480,Upton,B25002_002,2449,114,2010,Occupied
2502771480,Upton,B25002_003,137,83,2010,Vacant
2502771620,Uxbridge,B25002_002,4913,184,2010,Occupied
2502771620,Uxbridge,B25002_003,185,126,2010,Vacant
2502773090,Warren,B25002_002,1990,190,2010,Occupied
2502773090,Warren,B25002_003,198,92,2010,Vacant
2502773895,Webster,B25002_002,7380,255,2010,Occupied
2502773895,Webster,B25002_003,977,255,2010,Vacant
2502775015,Westborough,B25002_002,6543,327,2010,Occupied
2502775015,Westborough,B25002_003,520,197,2010,Vacant
2502775155,West Boylston,B25002_002,2274,241,2010,Occupied
2502775155,West Boylston,B25002_003,69,66,2010,Vacant
2502775400,West Brookfield,B25002_002,1477,101,2010,Occupied
2502775400,West Brookfield,B25002_003,215,106,2010,Vacant
2502782000,Worcester,B25002_002,70441,1133,2010,Occupied
2502782000,Worcester,B25002_003,8589,623,2010,Vacant
2502702760,Auburn,B25002_002,6318,246,2011,Occupied
2502702760,Auburn,B25002_003,398,155,2011,Vacant
2502703740,Barre,B25002_002,2065,144,2011,Occupied
2502703740,Barre,B25002_003,285,121,2011,Vacant
2502705490,Berlin,B25002_002,1029,58,2011,Occupied
2502705490,Berlin,B25002_003,20,31,2011,Vacant
2502706015,Blackstone,B25002_002,3472,202,2011,Occupied
2502706015,Blackstone,B25002_003,452,163,2011,Vacant
2502707525,Boylston,B25002_002,1676,93,2011,Occupied
2502707525,Boylston,B25002_003,106,83,2011,Vacant
2502709105,Brookfield,B25002_002,1353,73,2011,Occupied
2502709105,Brookfield,B25002_003,104,78,2011,Vacant
2502712715,Charlton,B25002_002,4306,189,2011,Occupied
2502712715,Charlton,B25002_003,457,145,2011,Vacant
2502717300,Douglas,B25002_002,3206,200,2011,Occupied
2502717300,Douglas,B25002_003,127,124,2011,Vacant
2502717685,Dudley,B25002_002,3780,262,2011,Occupied
2502717685,Dudley,B25002_003,214,102,2011,Vacant
2502718560,East Brookfield,B25002_002,737,62,2011,Occupied
2502718560,East Brookfield,B25002_003,155,57,2011,Vacant
2502726430,Grafton,B25002_002,6376,240,2011,Occupied
2502726430,Grafton,B25002_003,363,135,2011,Vacant
2502728740,Hardwick,B25002_002,1153,120,2011,Occupied
2502728740,Hardwick,B25002_003,152,65,2011,Vacant
2502730560,Holden,B25002_002,6296,162,2011,Occupied
2502730560,Holden,B25002_003,279,97,2011,Vacant
2502730945,Hopedale,B25002_002,2275,116,2011,Occupied
2502730945,Hopedale,B25002_003,54,85,2011,Vacant
2502734795,Leicester,B25002_002,3858,154,2011,Occupied
2502734795,Leicester,B25002_003,296,134,2011,Vacant
2502740255,Mendon,B25002_002,2055,94,2011,Occupied
2502740255,Mendon,B25002_003,94,77,2011,Vacant
2502741340,Millbury,B25002_002,5166,204,2011,Occupied
2502741340,Millbury,B25002_003,234,126,2011,Vacant
2502741585,Millville,B25002_002,1060,49,2011,Occupied
2502741585,Millville,B25002_003,43,38,2011,Vacant
2502745105,New Braintree,B25002_002,380,44,2011,Occupied
2502745105,New Braintree,B25002_003,10,13,2011,Vacant
2502746820,Northborough,B25002_002,5114,176,2011,Occupied
2502746820,Northborough,B25002_003,126,81,2011,Vacant
2502746925,Northbridge,B25002_002,5538,219,2011,Occupied
2502746925,Northbridge,B25002_003,185,136,2011,Vacant
2502747135,North Brookfield,B25002_002,1931,141,2011,Occupied
2502747135,North Brookfield,B25002_003,107,95,2011,Vacant
2502750670,Oakham,B25002_002,680,43,2011,Occupied
2502750670,Oakham,B25002_003,17,14,2011,Vacant
2502751825,Oxford,B25002_002,5343,240,2011,Occupied
2502751825,Oxford,B25002_003,158,125,2011,Vacant
2502752420,Paxton,B25002_002,1591,94,2011,Occupied
2502752420,Paxton,B25002_003,54,48,2011,Vacant
2502755395,Princeton,B25002_002,1253,70,2011,Occupied
2502755395,Princeton,B25002_003,60,75,2011,Vacant
2502758825,Rutland,B25002_002,2558,127,2011,Occupied
2502758825,Rutland,B25002_003,133,102,2011,Vacant
2502761800,Shrewsbury,B25002_002,13095,307,2011,Occupied
2502761800,Shrewsbury,B25002_003,721,231,2011,Vacant
2502766105,Spencer,B25002_002,4686,222,2011,Occupied
2502766105,Spencer,B25002_003,523,169,2011,Vacant
2502768155,Sturbridge,B25002_002,3655,162,2011,Occupied
2502768155,Sturbridge,B25002_003,367,153,2011,Vacant
2502768610,Sutton,B25002_002,3128,124,2011,Occupied
2502768610,Sutton,B25002_003,127,103,2011,Vacant
2502771480,Upton,B25002_002,2588,103,2011,Occupied
2502771480,Upton,B25002_003,173,104,2011,Vacant
2502771620,Uxbridge,B25002_002,4931,153,2011,Occupied
2502771620,Uxbridge,B25002_003,222,113,2011,Vacant
2502773090,Warren,B25002_002,2067,145,2011,Occupied
2502773090,Warren,B25002_003,153,76,2011,Vacant
2502773895,Webster,B25002_002,7344,259,2011,Occupied
2502773895,Webster,B25002_003,923,218,2011,Vacant
2502775015,Westborough,B25002_002,6720,294,2011,Occupied
2502775015,Westborough,B25002_003,505,196,2011,Vacant
2502775155,West Boylston,B25002_002,2308,354,2011,Occupied
2502775155,West Boylston,B25002_003,35,40,2011,Vacant
2502775400,West Brookfield,B25002_002,1488,125,2011,Occupied
2502775400,West Brookfield,B25002_003,193,94,2011,Vacant
2502782000,Worcester,B25002_002,70248,988,2011,Occupied
2502782000,Worcester,B25002_003,8414,737,2011,Vacant
2502702760,Auburn,B25002_002,6115,220,2012,Occupied
2502702760,Auburn,B25002_003,394,151,2012,Vacant
2502703740,Barre,B25002_002,1937,132,2012,Occupied
2502703740,Barre,B25002_003,274,106,2012,Vacant
2502705490,Berlin,B25002_002,1072,62,2012,Occupied
2502705490,Berlin,B25002_003,22,34,2012,Vacant
2502706015,Blackstone,B25002_002,3367,132,2012,Occupied
2502706015,Blackstone,B25002_003,358,137,2012,Vacant
2502707525,Boylston,B25002_002,1618,98,2012,Occupied
2502707525,Boylston,B25002_003,169,92,2012,Vacant
2502709105,Brookfield,B25002_002,1342,85,2012,Occupied
2502709105,Brookfield,B25002_003,116,71,2012,Vacant
2502712715,Charlton,B25002_002,4411,186,2012,Occupied
2502712715,Charlton,B25002_003,428,174,2012,Vacant
2502717300,Douglas,B25002_002,3121,199,2012,Occupied
2502717300,Douglas,B25002_003,123,116,2012,Vacant
2502717685,Dudley,B25002_002,3951,240,2012,Occupied
2502717685,Dudley,B25002_003,256,134,2012,Vacant
2502718560,East Brookfield,B25002_002,760,59,2012,Occupied
2502718560,East Brookfield,B25002_003,118,58,2012,Vacant
2502726430,Grafton,B25002_002,6385,214,2012,Occupied
2502726430,Grafton,B25002_003,296,127,2012,Vacant
2502728740,Hardwick,B25002_002,1130,87,2012,Occupied
2502728740,Hardwick,B25002_003,170,62,2012,Vacant
2502730560,Holden,B25002_002,6308,151,2012,Occupied
2502730560,Holden,B25002_003,276,134,2012,Vacant
2502730945,Hopedale,B25002_002,2174,114,2012,Occupied
2502730945,Hopedale,B25002_003,105,104,2012,Vacant
2502734795,Leicester,B25002_002,4016,183,2012,Occupied
2502734795,Leicester,B25002_003,377,167,2012,Vacant
2502740255,Mendon,B25002_002,2034,103,2012,Occupied
2502740255,Mendon,B25002_003,102,84,2012,Vacant
2502741340,Millbury,B25002_002,5145,233,2012,Occupied
2502741340,Millbury,B25002_003,247,137,2012,Vacant
2502741585,Millville,B25002_002,1004,51,2012,Occupied
2502741585,Millville,B25002_003,59,42,2012,Vacant
2502745105,New Braintree,B25002_002,374,41,2012,Occupied
2502745105,New Braintree,B25002_003,7,8,2012,Vacant
2502746820,Northborough,B25002_002,5195,172,2012,Occupied
2502746820,Northborough,B25002_003,206,106,2012,Vacant
2502746925,Northbridge,B25002_002,5847,231,2012,Occupied
2502746925,Northbridge,B25002_003,253,153,2012,Vacant
2502747135,North Brookfield,B25002_002,1968,130,2012,Occupied
2502747135,North Brookfield,B25002_003,145,115,2012,Vacant
2502750670,Oakham,B25002_002,650,39,2012,Occupied
2502750670,Oakham,B25002_003,28,21,2012,Vacant
2502751825,Oxford,B25002_002,5181,223,2012,Occupied
2502751825,Oxford,B25002_003,203,142,2012,Vacant
2502752420,Paxton,B25002_002,1538,134,2012,Occupied
2502752420,Paxton,B25002_003,49,54,2012,Vacant
2502755395,Princeton,B25002_002,1206,66,2012,Occupied
2502755395,Princeton,B25002_003,46,49,2012,Vacant
2502758825,Rutland,B25002_002,2639,142,2012,Occupied
2502758825,Rutland,B25002_003,180,123,2012,Vacant
2502761800,Shrewsbury,B25002_002,13119,333,2012,Occupied
2502761800,Shrewsbury,B25002_003,778,235,2012,Vacant
2502766105,Spencer,B25002_002,4678,280,2012,Occupied
2502766105,Spencer,B25002_003,517,199,2012,Vacant
2502768155,Sturbridge,B25002_002,3594,126,2012,Occupied
2502768155,Sturbridge,B25002_003,445,158,2012,Vacant
2502768610,Sutton,B25002_002,3051,122,2012,Occupied
2502768610,Sutton,B25002_003,115,84,2012,Vacant
2502771480,Upton,B25002_002,2639,109,2012,Occupied
2502771480,Upton,B25002_003,212,128,2012,Vacant
2502771620,Uxbridge,B25002_002,4905,172,2012,Occupied
2502771620,Uxbridge,B25002_003,172,104,2012,Vacant
2502773090,Warren,B25002_002,2116,183,2012,Occupied
2502773090,Warren,B25002_003,147,92,2012,Vacant
2502773895,Webster,B25002_002,7077,232,2012,Occupied
2502773895,Webster,B25002_003,816,210,2012,Vacant
2502775015,Westborough,B25002_002,6943,275,2012,Occupied
2502775015,Westborough,B25002_003,450,176,2012,Vacant
2502775155,West Boylston,B25002_002,2341,182,2012,Occupied
2502775155,West Boylston,B25002_003,74,72,2012,Vacant
2502775400,West Brookfield,B25002_002,1433,100,2012,Occupied
2502775400,West Brookfield,B25002_003,220,101,2012,Vacant
2502782000,Worcester,B25002_002,69859,942,2012,Occupied
2502782000,Worcester,B25002_003,7879,522,2012,Vacant
2502702760,Auburn,B25002_002,6245,224,2013,Occupied
2502702760,Auburn,B25002_003,450,143,2013,Vacant
2502703740,Barre,B25002_002,1967,155,2013,Occupied
2502703740,Barre,B25002_003,316,116,2013,Vacant
2502705490,Berlin,B25002_002,1038,59,2013,Occupied
2502705490,Berlin,B25002_003,55,46,2013,Vacant
2502706015,Blackstone,B25002_002,3374,158,2013,Occupied
2502706015,Blackstone,B25002_003,315,130,2013,Vacant
2502707525,Boylston,B25002_002,1611,79,2013,Occupied
2502707525,Boylston,B25002_003,187,88,2013,Vacant
2502709105,Brookfield,B25002_002,1346,97,2013,Occupied
2502709105,Brookfield,B25002_003,137,76,2013,Vacant
2502712715,Charlton,B25002_002,4576,209,2013,Occupied
2502712715,Charlton,B25002_003,228,122,2013,Vacant
2502717300,Douglas,B25002_002,3230,172,2013,Occupied
2502717300,Douglas,B25002_003,130,93,2013,Vacant
2502717685,Dudley,B25002_002,3932,241,2013,Occupied
2502717685,Dudley,B25002_003,290,137,2013,Vacant
2502718560,East Brookfield,B25002_002,801,51,2013,Occupied
2502718560,East Brookfield,B25002_003,69,50,2013,Vacant
2502726430,Grafton,B25002_002,6447,236,2013,Occupied
2502726430,Grafton,B25002_003,362,132,2013,Vacant
2502728740,Hardwick,B25002_002,1239,100,2013,Occupied
2502728740,Hardwick,B25002_003,172,64,2013,Vacant
2502730560,Holden,B25002_002,6268,132,2013,Occupied
2502730560,Holden,B25002_003,310,102,2013,Vacant
2502730945,Hopedale,B25002_002,2219,120,2013,Occupied
2502730945,Hopedale,B25002_003,87,93,2013,Vacant
2502734795,Leicester,B25002_002,4086,184,2013,Occupied
2502734795,Leicester,B25002_003,354,159,2013,Vacant
2502740255,Mendon,B25002_002,2063,97,2013,Occupied
2502740255,Mendon,B25002_003,45,69,2013,Vacant
2502741340,Millbury,B25002_002,5204,248,2013,Occupied
2502741340,Millbury,B25002_003,307,146,2013,Vacant
2502741585,Millville,B25002_002,1004,41,2013,Occupied
2502741585,Millville,B25002_003,71,45,2013,Vacant
2502745105,New Braintree,B25002_002,361,38,2013,Occupied
2502745105,New Braintree,B25002_003,20,16,2013,Vacant
2502746820,Northborough,B25002_002,5079,172,2013,Occupied
2502746820,Northborough,B25002_003,148,89,2013,Vacant
2502746925,Northbridge,B25002_002,5857,276,2013,Occupied
2502746925,Northbridge,B25002_003,248,140,2013,Vacant
2502747135,North Brookfield,B25002_002,1844,129,2013,Occupied
2502747135,North Brookfield,B25002_003,190,121,2013,Vacant
2502750670,Oakham,B25002_002,656,40,2013,Occupied
2502750670,Oakham,B25002_003,28,21,2013,Vacant
2502751825,Oxford,B25002_002,5078,246,2013,Occupied
2502751825,Oxford,B25002_003,274,138,2013,Vacant
2502752420,Paxton,B25002_002,1503,127,2013,Occupied
2502752420,Paxton,B25002_003,53,50,2013,Vacant
2502755395,Princeton,B25002_002,1193,67,2013,Occupied
2502755395,Princeton,B25002_003,41,49,2013,Vacant
2502758825,Rutland,B25002_002,2727,141,2013,Occupied
2502758825,Rutland,B25002_003,207,131,2013,Vacant
2502761800,Shrewsbury,B25002_002,13014,262,2013,Occupied
2502761800,Shrewsbury,B25002_003,683,206,2013,Vacant
2502766105,Spencer,B25002_002,4534,221,2013,Occupied
2502766105,Spencer,B25002_003,520,187,2013,Vacant
2502768155,Sturbridge,B25002_002,3647,161,2013,Occupied
2502768155,Sturbridge,B25002_003,511,159,2013,Vacant
2502768610,Sutton,B25002_002,3097,136,2013,Occupied
2502768610,Sutton,B25002_003,229,121,2013,Vacant
2502771480,Upton,B25002_002,2659,145,2013,Occupied
2502771480,Upton,B25002_003,245,163,2013,Vacant
2502771620,Uxbridge,B25002_002,4957,230,2013,Occupied
2502771620,Uxbridge,B25002_003,180,118,2013,Vacant
2502773090,Warren,B25002_002,2066,188,2013,Occupied
2502773090,Warren,B25002_003,154,95,2013,Vacant
2502773895,Webster,B25002_002,6930,241,2013,Occupied
2502773895,Webster,B25002_003,942,230,2013,Vacant
2502775015,Westborough,B25002_002,6980,273,2013,Occupied
2502775015,Westborough,B25002_003,363,179,2013,Vacant
2502775155,West Boylston,B25002_002,2352,169,2013,Occupied
2502775155,West Boylston,B25002_003,98,73,2013,Vacant
2502775400,West Brookfield,B25002_002,1456,105,2013,Occupied
2502775400,West Brookfield,B25002_003,212,88,2013,Vacant
2502782000,Worcester,B25002_002,68850,1102,2013,Occupied
2502782000,Worcester,B25002_003,7873,677,2013,Vacant
2502702760,Auburn,B25002_002,6346,210,2014,Occupied
2502702760,Auburn,B25002_003,417,140,2014,Vacant
2502703740,Barre,B25002_002,1943,149,2014,Occupied
2502703740,Barre,B25002_003,362,118,2014,Vacant
2502705490,Berlin,B25002_002,1052,57,2014,Occupied
2502705490,Berlin,B25002_003,82,51,2014,Vacant
2502706015,Blackstone,B25002_002,3451,152,2014,Occupied
2502706015,Blackstone,B25002_003,298,108,2014,Vacant
2502707525,Boylston,B25002_002,1611,85,2014,Occupied
2502707525,Boylston,B25002_003,149,79,2014,Vacant
2502709105,Brookfield,B25002_002,1368,82,2014,Occupied
2502709105,Brookfield,B25002_003,160,82,2014,Vacant
2502712715,Charlton,B25002_002,4617,187,2014,Occupied
2502712715,Charlton,B25002_003,183,100,2014,Vacant
2502717300,Douglas,B25002_002,3101,185,2014,Occupied
2502717300,Douglas,B25002_003,119,119,2014,Vacant
2502717685,Dudley,B25002_002,4135,243,2014,Occupied
2502717685,Dudley,B25002_003,306,122,2014,Vacant
2502718560,East Brookfield,B25002_002,833,49,2014,Occupied
2502718560,East Brookfield,B25002_003,61,36,2014,Vacant
2502726430,Grafton,B25002_002,6733,176,2014,Occupied
2502726430,Grafton,B25002_003,483,157,2014,Vacant
2502728740,Hardwick,B25002_002,1221,89,2014,Occupied
2502728740,Hardwick,B25002_003,158,64,2014,Vacant
2502730560,Holden,B25002_002,6299,150,2014,Occupied
2502730560,Holden,B25002_003,360,113,2014,Vacant
2502730945,Hopedale,B25002_002,2240,121,2014,Occupied
2502730945,Hopedale,B25002_003,74,81,2014,Vacant
2502734795,Leicester,B25002_002,4200,191,2014,Occupied
2502734795,Leicester,B25002_003,279,141,2014,Vacant
2502740255,Mendon,B25002_002,2045,100,2014,Occupied
2502740255,Mendon,B25002_003,40,64,2014,Vacant
2502741340,Millbury,B25002_002,5141,236,2014,Occupied
2502741340,Millbury,B25002_003,326,155,2014,Vacant
2502741585,Millville,B25002_002,1056,64,2014,Occupied
2502741585,Millville,B25002_003,63,38,2014,Vacant
2502745105,New Braintree,B25002_002,376,36,2014,Occupied
2502745105,New Braintree,B25002_003,20,16,2014,Vacant
2502746820,Northborough,B25002_002,5156,156,2014,Occupied
2502746820,Northborough,B25002_003,166,94,2014,Vacant
2502746925,Northbridge,B25002_002,5913,294,2014,Occupied
2502746925,Northbridge,B25002_003,341,165,2014,Vacant
2502747135,North Brookfield,B25002_002,1815,107,2014,Occupied
2502747135,North Brookfield,B25002_003,260,126,2014,Vacant
2502750670,Oakham,B25002_002,640,50,2014,Occupied
2502750670,Oakham,B25002_003,37,23,2014,Vacant
2502751825,Oxford,B25002_002,5170,257,2014,Occupied
2502751825,Oxford,B25002_003,267,154,2014,Vacant
2502752420,Paxton,B25002_002,1513,107,2014,Occupied
2502752420,Paxton,B25002_003,40,40,2014,Vacant
2502755395,Princeton,B25002_002,1234,78,2014,Occupied
2502755395,Princeton,B25002_003,27,42,2014,Vacant
2502758825,Rutland,B25002_002,2843,181,2014,Occupied
2502758825,Rutland,B25002_003,217,150,2014,Vacant
2502761800,Shrewsbury,B25002_002,12968,314,2014,Occupied
2502761800,Shrewsbury,B25002_003,736,273,2014,Vacant
2502766105,Spencer,B25002_002,4662,252,2014,Occupied
2502766105,Spencer,B25002_003,541,207,2014,Vacant
2502768155,Sturbridge,B25002_002,3578,155,2014,Occupied
2502768155,Sturbridge,B25002_003,489,172,2014,Vacant
2502768610,Sutton,B25002_002,3104,149,2014,Occupied
2502768610,Sutton,B25002_003,274,156,2014,Vacant
2502771480,Upton,B25002_002,2680,127,2014,Occupied
2502771480,Upton,B25002_003,263,165,2014,Vacant
2502771620,Uxbridge,B25002_002,4752,254,2014,Occupied
2502771620,Uxbridge,B25002_003,147,121,2014,Vacant
2502773090,Warren,B25002_002,2044,191,2014,Occupied
2502773090,Warren,B25002_003,176,110,2014,Vacant
2502773895,Webster,B25002_002,6734,285,2014,Occupied
2502773895,Webster,B25002_003,1123,214,2014,Vacant
2502775015,Westborough,B25002_002,7085,266,2014,Occupied
2502775015,Westborough,B25002_003,466,189,2014,Vacant
2502775155,West Boylston,B25002_002,2213,261,2014,Occupied
2502775155,West Boylston,B25002_003,70,65,2014,Vacant
2502775400,West Brookfield,B25002_002,1522,129,2014,Occupied
2502775400,West Brookfield,B25002_003,186,77,2014,Vacant
2502782000,Worcester,B25002_002,68000,1126,2014,Occupied
2502782000,Worcester,B25002_003,7283,711,2014,Vacant
2502702760,Auburn,B25002_002,6350,209,2015,Occupied
2502702760,Auburn,B25002_003,370,114,2015,Vacant
2502703740,Barre,B25002_002,1895,174,2015,Occupied
2502703740,Barre,B25002_003,372,121,2015,Vacant
2502705490,Berlin,B25002_002,1078,55,2015,Occupied
2502705490,Berlin,B25002_003,85,48,2015,Vacant
2502706015,Blackstone,B25002_002,3333,150,2015,Occupied
2502706015,Blackstone,B25002_003,295,120,2015,Vacant
2502707525,Boylston,B25002_002,1618,89,2015,Occupied
2502707525,Boylston,B25002_003,133,81,2015,Vacant
2502709105,Brookfield,B25002_002,1390,81,2015,Occupied
2502709105,Brookfield,B25002_003,124,72,2015,Vacant
2502712715,Charlton,B25002_002,4744,179,2015,Occupied
2502712715,Charlton,B25002_003,169,101,2015,Vacant
2502717300,Douglas,B25002_002,3086,182,2015,Occupied
2502717300,Douglas,B25002_003,190,160,2015,Vacant
2502717685,Dudley,B25002_002,4037,199,2015,Occupied
2502717685,Dudley,B25002_003,347,139,2015,Vacant
2502718560,East Brookfield,B25002_002,827,53,2015,Occupied
2502718560,East Brookfield,B25002_003,68,43,2015,Vacant
2502726430,Grafton,B25002_002,6808,185,2015,Occupied
2502726430,Grafton,B25002_003,475,140,2015,Vacant
2502728740,Hardwick,B25002_002,1231,89,2015,Occupied
2502728740,Hardwick,B25002_003,178,66,2015,Vacant
2502730560,Holden,B25002_002,6326,151,2015,Occupied
2502730560,Holden,B25002_003,441,125,2015,Vacant
2502730945,Hopedale,B25002_002,2237,128,2015,Occupied
2502730945,Hopedale,B25002_003,91,88,2015,Vacant
2502734795,Leicester,B25002_002,4251,192,2015,Occupied
2502734795,Leicester,B25002_003,288,154,2015,Vacant
2502740255,Mendon,B25002_002,1993,81,2015,Occupied
2502740255,Mendon,B25002_003,65,64,2015,Vacant
2502741340,Millbury,B25002_002,5162,231,2015,Occupied
2502741340,Millbury,B25002_003,304,137,2015,Vacant
2502741585,Millville,B25002_002,1061,61,2015,Occupied
2502741585,Millville,B25002_003,66,44,2015,Vacant
2502745105,New Braintree,B25002_002,392,37,2015,Occupied
2502745105,New Braintree,B25002_003,31,18,2015,Vacant
2502746820,Northborough,B25002_002,5108,198,2015,Occupied
2502746820,Northborough,B25002_003,145,91,2015,Vacant
2502746925,Northbridge,B25002_002,6051,238,2015,Occupied
2502746925,Northbridge,B25002_003,437,166,2015,Vacant
2502747135,North Brookfield,B25002_002,1820,123,2015,Occupied
2502747135,North Brookfield,B25002_003,384,132,2015,Vacant
2502750670,Oakham,B25002_002,668,35,2015,Occupied
2502750670,Oakham,B25002_003,23,19,2015,Vacant
2502751825,Oxford,B25002_002,5120,242,2015,Occupied
2502751825,Oxford,B25002_003,328,162,2015,Vacant
2502752420,Paxton,B25002_002,1499,110,2015,Occupied
2502752420,Paxton,B25002_003,71,53,2015,Vacant
2502755395,Princeton,B25002_002,1252,83,2015,Occupied
2502755395,Princeton,B25002_003,55,55,2015,Vacant
2502758825,Rutland,B25002_002,2898,195,2015,Occupied
2502758825,Rutland,B25002_003,296,176,2015,Vacant
2502761800,Shrewsbury,B25002_002,12888,296,2015,Occupied
2502761800,Shrewsbury,B25002_003,919,265,2015,Vacant
2502766105,Spencer,B25002_002,4656,265,2015,Occupied
2502766105,Spencer,B25002_003,625,231,2015,Vacant
2502768155,Sturbridge,B25002_002,3609,145,2015,Occupied
2502768155,Sturbridge,B25002_003,379,189,2015,Vacant
2502768610,Sutton,B25002_002,3115,143,2015,Occupied
2502768610,Sutton,B25002_003,279,140,2015,Vacant
2502771480,Upton,B25002_002,2684,147,2015,Occupied
2502771480,Upton,B25002_003,279,157,2015,Vacant
2502771620,Uxbridge,B25002_002,4727,235,2015,Occupied
2502771620,Uxbridge,B25002_003,182,133,2015,Vacant
2502773090,Warren,B25002_002,2060,182,2015,Occupied
2502773090,Warren,B25002_003,215,112,2015,Vacant
2502773895,Webster,B25002_002,6669,272,2015,Occupied
2502773895,Webster,B25002_003,984,188,2015,Vacant
2502775015,Westborough,B25002_002,6992,226,2015,Occupied
2502775015,Westborough,B25002_003,345,164,2015,Vacant
2502775155,West Boylston,B25002_002,2178,378,2015,Occupied
2502775155,West Boylston,B25002_003,97,68,2015,Vacant
2502775400,West Brookfield,B25002_002,1560,120,2015,Occupied
2502775400,West Brookfield,B25002_003,166,83,2015,Vacant
2502782000,Worcester,B25002_002,68576,942,2015,Occupied
2502782000,Worcester,B25002_003,7148,686,2015,Vacant
2502702760,Auburn,B25002_002,6533,228,2016,Occupied
2502702760,Auburn,B25002_003,321,120,2016,Vacant
2502703740,Barre,B25002_002,1918,180,2016,Occupied
2502703740,Barre,B25002_003,349,128,2016,Vacant
2502705490,Berlin,B25002_002,1129,61,2016,Occupied
2502705490,Berlin,B25002_003,97,48,2016,Vacant
2502706015,Blackstone,B25002_002,3343,158,2016,Occupied
2502706015,Blackstone,B25002_003,223,111,2016,Vacant
2502707525,Boylston,B25002_002,1723,85,2016,Occupied
2502707525,Boylston,B25002_003,108,70,2016,Vacant
2502709105,Brookfield,B25002_002,1419,88,2016,Occupied
2502709105,Brookfield,B25002_003,79,65,2016,Vacant
2502712715,Charlton,B25002_002,4834,198,2016,Occupied
2502712715,Charlton,B25002_003,260,121,2016,Vacant
2502717300,Douglas,B25002_002,3152,173,2016,Occupied
2502717300,Douglas,B25002_003,198,142,2016,Vacant
2502717685,Dudley,B25002_002,3945,188,2016,Occupied
2502717685,Dudley,B25002_003,366,152,2016,Vacant
2502718560,East Brookfield,B25002_002,826,55,2016,Occupied
2502718560,East Brookfield,B25002_003,86,55,2016,Vacant
2502726430,Grafton,B25002_002,6807,165,2016,Occupied
2502726430,Grafton,B25002_003,372,152,2016,Vacant
2502728740,Hardwick,B25002_002,1222,96,2016,Occupied
2502728740,Hardwick,B25002_003,182,68,2016,Vacant
2502730560,Holden,B25002_002,6479,156,2016,Occupied
2502730560,Holden,B25002_003,324,112,2016,Vacant
2502730945,Hopedale,B25002_002,2280,144,2016,Occupied
2502730945,Hopedale,B25002_003,82,74,2016,Vacant
2502734795,Leicester,B25002_002,4381,213,2016,Occupied
2502734795,Leicester,B25002_003,258,119,2016,Vacant
2502740255,Mendon,B25002_002,2012,82,2016,Occupied
2502740255,Mendon,B25002_003,69,71,2016,Vacant
2502741340,Millbury,B25002_002,5267,251,2016,Occupied
2502741340,Millbury,B25002_003,354,172,2016,Vacant
2502741585,Millville,B25002_002,1073,68,2016,Occupied
2502741585,Millville,B25002_003,62,43,2016,Vacant
2502745105,New Braintree,B25002_002,386,43,2016,Occupied
2502745105,New Braintree,B25002_003,32,19,2016,Vacant
2502746820,Northborough,B25002_002,5117,173,2016,Occupied
2502746820,Northborough,B25002_003,210,117,2016,Vacant
2502746925,Northbridge,B25002_002,6093,282,2016,Occupied
2502746925,Northbridge,B25002_003,397,145,2016,Vacant
2502747135,North Brookfield,B25002_002,1824,113,2016,Occupied
2502747135,North Brookfield,B25002_003,281,115,2016,Vacant
2502750670,Oakham,B25002_002,647,35,2016,Occupied
2502750670,Oakham,B25002_003,48,23,2016,Vacant
2502751825,Oxford,B25002_002,5335,272,2016,Occupied
2502751825,Oxford,B25002_003,235,125,2016,Vacant
2502752420,Paxton,B25002_002,1502,101,2016,Occupied
2502752420,Paxton,B25002_003,68,48,2016,Vacant
2502755395,Princeton,B25002_002,1226,81,2016,Occupied
2502755395,Princeton,B25002_003,62,61,2016,Vacant
2502758825,Rutland,B25002_002,2873,192,2016,Occupied
2502758825,Rutland,B25002_003,252,139,2016,Vacant
2502761800,Shrewsbury,B25002_002,12909,298,2016,Occupied
2502761800,Shrewsbury,B25002_003,938,284,2016,Vacant
2502766105,Spencer,B25002_002,4735,222,2016,Occupied
2502766105,Spencer,B25002_003,563,207,2016,Vacant
2502768155,Sturbridge,B25002_002,3602,153,2016,Occupied
2502768155,Sturbridge,B25002_003,278,146,2016,Vacant
2502768610,Sutton,B25002_002,3213,143,2016,Occupied
2502768610,Sutton,B25002_003,278,134,2016,Vacant
2502771480,Upton,B25002_002,2703,139,2016,Occupied
2502771480,Upton,B25002_003,255,138,2016,Vacant
2502771620,Uxbridge,B25002_002,4660,230,2016,Occupied
2502771620,Uxbridge,B25002_003,177,126,2016,Vacant
2502773090,Warren,B25002_002,1928,177,2016,Occupied
2502773090,Warren,B25002_003,307,132,2016,Vacant
2502773895,Webster,B25002_002,6520,239,2016,Occupied
2502773895,Webster,B25002_003,956,225,2016,Vacant
2502775015,Westborough,B25002_002,6757,202,2016,Occupied
2502775015,Westborough,B25002_003,481,184,2016,Vacant
2502775155,West Boylston,B25002_002,2056,404,2016,Occupied
2502775155,West Boylston,B25002_003,120,77,2016,Vacant
2502775400,West Brookfield,B25002_002,1537,106,2016,Occupied
2502775400,West Brookfield,B25002_003,157,80,2016,Vacant
2502782000,Worcester,B25002_002,69204,1060,2016,Occupied
2502782000,Worcester,B25002_003,6969,674,2016,Vacant
2502702760,Auburn,B25002_002,6716,157,2017,Occupied
2502702760,Auburn,B25002_003,341,122,2017,Vacant
2502703740,Barre,B25002_002,1919,177,2017,Occupied
2502703740,Barre,B25002_003,353,126,2017,Vacant
2502705490,Berlin,B25002_002,1151,62,2017,Occupied
2502705490,Berlin,B25002_003,119,54,2017,Vacant
2502706015,Blackstone,B25002_002,3438,143,2017,Occupied
2502706015,Blackstone,B25002_003,189,97,2017,Vacant
2502707525,Boylston,B25002_002,1713,96,2017,Occupied
2502707525,Boylston,B25002_003,63,60,2017,Vacant
2502709105,Brookfield,B25002_002,1421,110,2017,Occupied
2502709105,Brookfield,B25002_003,61,45,2017,Vacant
2502712715,Charlton,B25002_002,4889,190,2017,Occupied
2502712715,Charlton,B25002_003,236,131,2017,Vacant
2502717300,Douglas,B25002_002,3139,181,2017,Occupied
2502717300,Douglas,B25002_003,185,123,2017,Vacant
2502717685,Dudley,B25002_002,3873,220,2017,Occupied
2502717685,Dudley,B25002_003,283,137,2017,Vacant
2502718560,East Brookfield,B25002_002,828,61,2017,Occupied
2502718560,East Brookfield,B25002_003,130,54,2017,Vacant
2502726430,Grafton,B25002_002,6939,190,2017,Occupied
2502726430,Grafton,B25002_003,360,144,2017,Vacant
2502728740,Hardwick,B25002_002,1222,96,2017,Occupied
2502728740,Hardwick,B25002_003,200,76,2017,Vacant
2502730560,Holden,B25002_002,6659,187,2017,Occupied
2502730560,Holden,B25002_003,311,126,2017,Vacant
2502730945,Hopedale,B25002_002,2232,153,2017,Occupied
2502730945,Hopedale,B25002_003,55,67,2017,Vacant
2502734795,Leicester,B25002_002,4247,194,2017,Occupied
2502734795,Leicester,B25002_003,251,115,2017,Vacant
2502740255,Mendon,B25002_002,2064,89,2017,Occupied
2502740255,Mendon,B25002_003,40,56,2017,Vacant
2502741340,Millbury,B25002_002,5330,258,2017,Occupied
2502741340,Millbury,B25002_003,432,192,2017,Vacant
2502741585,Millville,B25002_002,1158,62,2017,Occupied
2502741585,Millville,B25002_003,79,49,2017,Vacant
2502745105,New Braintree,B25002_002,425,54,2017,Occupied
2502745105,New Braintree,B25002_003,31,22,2017,Vacant
2502746820,Northborough,B25002_002,5278,192,2017,Occupied
2502746820,Northborough,B25002_003,172,107,2017,Vacant
2502746925,Northbridge,B25002_002,6141,253,2017,Occupied
2502746925,Northbridge,B25002_003,421,170,2017,Vacant
2502747135,North Brookfield,B25002_002,1818,114,2017,Occupied
2502747135,North Brookfield,B25002_003,264,104,2017,Vacant
2502750670,Oakham,B25002_002,679,43,2017,Occupied
2502750670,Oakham,B25002_003,39,26,2017,Vacant
2502751825,Oxford,B25002_002,5258,287,2017,Occupied
2502751825,Oxford,B25002_003,240,155,2017,Vacant
2502752420,Paxton,B25002_002,1558,95,2017,Occupied
2502752420,Paxton,B25002_003,53,41,2017,Vacant
2502755395,Princeton,B25002_002,1279,59,2017,Occupied
2502755395,Princeton,B25002_003,36,54,2017,Vacant
2502758825,Rutland,B25002_002,2904,152,2017,Occupied
2502758825,Rutland,B25002_003,247,145,2017,Vacant
2502761800,Shrewsbury,B25002_002,12910,344,2017,Occupied
2502761800,Shrewsbury,B25002_003,1048,282,2017,Vacant
2502766105,Spencer,B25002_002,4969,259,2017,Occupied
2502766105,Spencer,B25002_003,589,230,2017,Vacant
2502768155,Sturbridge,B25002_002,3617,135,2017,Occupied
2502768155,Sturbridge,B25002_003,271,149,2017,Vacant
2502768610,Sutton,B25002_002,3341,147,2017,Occupied
2502768610,Sutton,B25002_003,300,159,2017,Vacant
2502771480,Upton,B25002_002,2741,160,2017,Occupied
2502771480,Upton,B25002_003,246,114,2017,Vacant
2502771620,Uxbridge,B25002_002,4757,241,2017,Occupied
2502771620,Uxbridge,B25002_003,238,117,2017,Vacant
2502773090,Warren,B25002_002,1926,148,2017,Occupied
2502773090,Warren,B25002_003,302,124,2017,Vacant
2502773895,Webster,B25002_002,6734,228,2017,Occupied
2502773895,Webster,B25002_003,978,213,2017,Vacant
2502775015,Westborough,B25002_002,6682,212,2017,Occupied
2502775015,Westborough,B25002_003,413,191,2017,Vacant
2502775155,West Boylston,B25002_002,2082,403,2017,Occupied
2502775155,West Boylston,B25002_003,116,73,2017,Vacant
2502775400,West Brookfield,B25002_002,1521,105,2017,Occupied
2502775400,West Brookfield,B25002_003,108,72,2017,Vacant
2502782000,Worcester,B25002_002,70792,824,2017,Occupied
2502782000,Worcester,B25002_003,7244,719,2017,Vacant
2502702760,Auburn,B25002_002,6757,200,2018,Occupied
2502702760,Auburn,B25002_003,330,117,2018,Vacant
2502703740,Barre,B25002_002,1949,141,2018,Occupied
2502703740,Barre,B25002_003,323,150,2018,Vacant
2502705490,Berlin,B25002_002,1125,84,2018,Occupied
2502705490,Berlin,B25002_003,103,54,2018,Vacant
2502706015,Blackstone,B25002_002,3428,153,2018,Occupied
2502706015,Blackstone,B25002_003,255,115,2018,Vacant
2502707525,Boylston,B25002_002,1771,90,2018,Occupied
2502707525,Boylston,B25002_003,42,49,2018,Vacant
2502709105,Brookfield,B25002_002,1467,102,2018,Occupied
2502709105,Brookfield,B25002_003,36,43,2018,Vacant
2502712715,Charlton,B25002_002,4886,221,2018,Occupied
2502712715,Charlton,B25002_003,318,155,2018,Vacant
2502717300,Douglas,B25002_002,3146,135,2018,Occupied
2502717300,Douglas,B25002_003,160,106,2018,Vacant
2502717685,Dudley,B25002_002,3878,208,2018,Occupied
2502717685,Dudley,B25002_003,276,124,2018,Vacant
2502718560,East Brookfield,B25002_002,822,55,2018,Occupied
2502718560,East Brookfield,B25002_003,128,45,2018,Vacant
2502726430,Grafton,B25002_002,6986,167,2018,Occupied
2502726430,Grafton,B25002_003,275,118,2018,Vacant
2502728740,Hardwick,B25002_002,1171,105,2018,Occupied
2502728740,Hardwick,B25002_003,194,72,2018,Vacant
2502730560,Holden,B25002_002,6842,186,2018,Occupied
2502730560,Holden,B25002_003,348,139,2018,Vacant
2502730945,Hopedale,B25002_002,2263,129,2018,Occupied
2502730945,Hopedale,B25002_003,55,64,2018,Vacant
2502734795,Leicester,B25002_002,4044,186,2018,Occupied
2502734795,Leicester,B25002_003,281,127,2018,Vacant
2502740255,Mendon,B25002_002,2023,90,2018,Occupied
2502740255,Mendon,B25002_003,97,84,2018,Vacant
2502741340,Millbury,B25002_002,5234,235,2018,Occupied
2502741340,Millbury,B25002_003,434,172,2018,Vacant
2502741585,Millville,B25002_002,1226,71,2018,Occupied
2502741585,Millville,B25002_003,52,43,2018,Vacant
2502745105,New Braintree,B25002_002,460,41,2018,Occupied
2502745105,New Braintree,B25002_003,24,17,2018,Vacant
2502746820,Northborough,B25002_002,5429,197,2018,Occupied
2502746820,Northborough,B25002_003,208,130,2018,Vacant
2502746925,Northbridge,B25002_002,6040,294,2018,Occupied
2502746925,Northbridge,B25002_003,451,186,2018,Vacant
2502747135,North Brookfield,B25002_002,1821,124,2018,Occupied
2502747135,North Brookfield,B25002_003,263,98,2018,Vacant
2502750670,Oakham,B25002_002,670,46,2018,Occupied
2502750670,Oakham,B25002_003,41,23,2018,Vacant
2502751825,Oxford,B25002_002,5323,278,2018,Occupied
2502751825,Oxford,B25002_003,281,174,2018,Vacant
2502752420,Paxton,B25002_002,1570,99,2018,Occupied
2502752420,Paxton,B25002_003,50,39,2018,Vacant
2502755395,Princeton,B25002_002,1240,70,2018,Occupied
2502755395,Princeton,B25002_003,61,61,2018,Vacant
2502758825,Rutland,B25002_002,2956,167,2018,Occupied
2502758825,Rutland,B25002_003,285,150,2018,Vacant
2502761800,Shrewsbury,B25002_002,13161,293,2018,Occupied
2502761800,Shrewsbury,B25002_003,1046,322,2018,Vacant
2502766105,Spencer,B25002_002,4865,231,2018,Occupied
2502766105,Spencer,B25002_003,700,232,2018,Vacant
2502768155,Sturbridge,B25002_002,3595,131,2018,Occupied
2502768155,Sturbridge,B25002_003,260,151,2018,Vacant
2502768610,Sutton,B25002_002,3441,132,2018,Occupied
2502768610,Sutton,B25002_003,195,139,2018,Vacant
2502771480,Upton,B25002_002,2627,215,2018,Occupied
2502771480,Upton,B25002_003,225,119,2018,Vacant
2502771620,Uxbridge,B25002_002,4769,244,2018,Occupied
2502771620,Uxbridge,B25002_003,378,156,2018,Vacant
2502773090,Warren,B25002_002,1991,151,2018,Occupied
2502773090,Warren,B25002_003,341,123,2018,Vacant
2502773895,Webster,B25002_002,6884,236,2018,Occupied
2502773895,Webster,B25002_003,948,201,2018,Vacant
2502775015,Westborough,B25002_002,6794,230,2018,Occupied
2502775015,Westborough,B25002_003,653,216,2018,Vacant
2502775155,West Boylston,B25002_002,2091,295,2018,Occupied
2502775155,West Boylston,B25002_003,131,81,2018,Vacant
2502775400,West Brookfield,B25002_002,1536,131,2018,Occupied
2502775400,West Brookfield,B25002_003,116,74,2018,Vacant
2502782000,Worcester,B25002_002,71145,1014,2018,Occupied
2502782000,Worcester,B25002_003,6775,580,2018,Vacant
2502702760,Auburn,B25002_002,6672,198,2019,Occupied
2502702760,Auburn,B25002_003,268,93,2019,Vacant
2502703740,Barre,B25002_002,2039,180,2019,Occupied
2502703740,Barre,B25002_003,265,161,2019,Vacant
2502705490,Berlin,B25002_002,1179,92,2019,Occupied
2502705490,Berlin,B25002_003,74,57,2019,Vacant
2502706015,Blackstone,B25002_002,3526,149,2019,Occupied
2502706015,Blackstone,B25002_003,231,106,2019,Vacant
2502707525,Boylston,B25002_002,1799,91,2019,Occupied
2502707525,Boylston,B25002_003,24,38,2019,Vacant
2502709105,Brookfield,B25002_002,1404,106,2019,Occupied
2502709105,Brookfield,B25002_003,26,43,2019,Vacant
2502712715,Charlton,B25002_002,5064,229,2019,Occupied
2502712715,Charlton,B25002_003,346,153,2019,Vacant
2502717300,Douglas,B25002_002,3234,162,2019,Occupied
2502717300,Douglas,B25002_003,218,134,2019,Vacant
2502717685,Dudley,B25002_002,3905,217,2019,Occupied
2502717685,Dudley,B25002_003,268,129,2019,Vacant
2502718560,East Brookfield,B25002_002,795,68,2019,Occupied
2502718560,East Brookfield,B25002_003,166,66,2019,Vacant
2502726430,Grafton,B25002_002,7034,206,2019,Occupied
2502726430,Grafton,B25002_003,216,94,2019,Vacant
2502728740,Hardwick,B25002_002,1216,101,2019,Occupied
2502728740,Hardwick,B25002_003,166,69,2019,Vacant
2502730560,Holden,B25002_002,7046,203,2019,Occupied
2502730560,Holden,B25002_003,245,119,2019,Vacant
2502730945,Hopedale,B25002_002,2181,105,2019,Occupied
2502730945,Hopedale,B25002_003,94,63,2019,Vacant
2502734795,Leicester,B25002_002,4070,199,2019,Occupied
2502734795,Leicester,B25002_003,264,139,2019,Vacant
2502740255,Mendon,B25002_002,2059,96,2019,Occupied
2502740255,Mendon,B25002_003,90,81,2019,Vacant
2502741340,Millbury,B25002_002,5275,259,2019,Occupied
2502741340,Millbury,B25002_003,399,180,2019,Vacant
2502741585,Millville,B25002_002,1241,65,2019,Occupied
2502741585,Millville,B25002_003,74,41,2019,Vacant
2502745105,New Braintree,B25002_002,460,49,2019,Occupied
2502745105,New Braintree,B25002_003,27,19,2019,Vacant
2502746820,Northborough,B25002_002,5399,169,2019,Occupied
2502746820,Northborough,B25002_003,171,104,2019,Vacant
2502746925,Northbridge,B25002_002,6166,297,2019,Occupied
2502746925,Northbridge,B25002_003,342,149,2019,Vacant
2502747135,North Brookfield,B25002_002,1841,128,2019,Occupied
2502747135,North Brookfield,B25002_003,272,104,2019,Vacant
2502750670,Oakham,B25002_002,688,45,2019,Occupied
2502750670,Oakham,B25002_003,46,25,2019,Vacant
2502751825,Oxford,B25002_002,5200,252,2019,Occupied
2502751825,Oxford,B25002_003,331,187,2019,Vacant
2502752420,Paxton,B25002_002,1499,156,2019,Occupied
2502752420,Paxton,B25002_003,90,51,2019,Vacant
2502755395,Princeton,B25002_002,1271,61,2019,Occupied
2502755395,Princeton,B25002_003,58,60,2019,Vacant
2502758825,Rutland,B25002_002,2885,138,2019,Occupied
2502758825,Rutland,B25002_003,254,145,2019,Vacant
2502761800,Shrewsbury,B25002_002,13561,352,2019,Occupied
2502761800,Shrewsbury,B25002_003,1122,271,2019,Vacant
2502766105,Spencer,B25002_002,4883,245,2019,Occupied
2502766105,Spencer,B25002_003,635,192,2019,Vacant
2502768155,Sturbridge,B25002_002,3619,163,2019,Occupied
2502768155,Sturbridge,B25002_003,228,122,2019,Vacant
2502768610,Sutton,B25002_002,3426,194,2019,Occupied
2502768610,Sutton,B25002_003,167,131,2019,Vacant
2502771480,Upton,B25002_002,2716,227,2019,Occupied
2502771480,Upton,B25002_003,203,123,2019,Vacant
2502771620,Uxbridge,B25002_002,5024,225,2019,Occupied
2502771620,Uxbridge,B25002_003,357,150,2019,Vacant
2502773090,Warren,B25002_002,1859,216,2019,Occupied
2502773090,Warren,B25002_003,332,138,2019,Vacant
2502773895,Webster,B25002_002,6946,268,2019,Occupied
2502773895,Webster,B25002_003,884,226,2019,Vacant
2502775015,Westborough,B25002_002,7069,242,2019,Occupied
2502775015,Westborough,B25002_003,551,200,2019,Vacant
2502775155,West Boylston,B25002_002,2336,340,2019,Occupied
2502775155,West Boylston,B25002_003,159,87,2019,Vacant
2502775400,West Brookfield,B25002_002,1510,176,2019,Occupied
2502775400,West Brookfield,B25002_003,142,89,2019,Vacant
2502782000,Worcester,B25002_002,71595,1047,2019,Occupied
2502782000,Worcester,B25002_003,6843,666,2019,Vacant
2502702760,Auburn,B25002_002,6656,255,2020,Occupied
2502702760,Auburn,B25002_003,308,116,2020,Vacant
2502703740,Barre,B25002_002,1977,157,2020,Occupied
2502703740,Barre,B25002_003,218,159,2020,Vacant
2502705490,Berlin,B25002_002,1291,117,2020,Occupied
2502705490,Berlin,B25002_003,58,48,2020,Vacant
2502706015,Blackstone,B25002_002,3767,243,2020,Occupied
2502706015,Blackstone,B25002_003,185,111,2020,Vacant
2502707525,Boylston,B25002_002,1818,107,2020,Occupied
2502707525,Boylston,B25002_003,50,59,2020,Vacant
2502709105,Brookfield,B25002_002,1368,106,2020,Occupied
2502709105,Brookfield,B25002_003,50,57,2020,Vacant
2502712715,Charlton,B25002_002,4861,247,2020,Occupied
2502712715,Charlton,B25002_003,416,166,2020,Vacant
2502717300,Douglas,B25002_002,3121,238,2020,Occupied
2502717300,Douglas,B25002_003,187,138,2020,Vacant
2502717685,Dudley,B25002_002,4103,258,2020,Occupied
2502717685,Dudley,B25002_003,208,111,2020,Vacant
2502718560,East Brookfield,B25002_002,843,109,2020,Occupied
2502718560,East Brookfield,B25002_003,158,63,2020,Vacant
2502726430,Grafton,B25002_002,7169,298,2020,Occupied
2502726430,Grafton,B25002_003,235,110,2020,Vacant
2502728740,Hardwick,B25002_002,1101,122,2020,Occupied
2502728740,Hardwick,B25002_003,90,59,2020,Vacant
2502730560,Holden,B25002_002,7076,271,2020,Occupied
2502730560,Holden,B25002_003,109,86,2020,Vacant
2502730945,Hopedale,B25002_002,2073,242,2020,Occupied
2502730945,Hopedale,B25002_003,78,68,2020,Vacant
2502734795,Leicester,B25002_002,4068,305,2020,Occupied
2502734795,Leicester,B25002_003,181,103,2020,Vacant
2502740255,Mendon,B25002_002,2059,125,2020,Occupied
2502740255,Mendon,B25002_003,111,90,2020,Vacant
2502741340,Millbury,B25002_002,5147,289,2020,Occupied
2502741340,Millbury,B25002_003,386,183,2020,Vacant
2502741585,Millville,B25002_002,1305,86,2020,Occupied
2502741585,Millville,B25002_003,67,37,2020,Vacant
2502745105,New Braintree,B25002_002,449,54,2020,Occupied
2502745105,New Braintree,B25002_003,22,19,2020,Vacant
2502746820,Northborough,B25002_002,5444,202,2020,Occupied
2502746820,Northborough,B25002_003,200,109,2020,Vacant
2502746925,Northbridge,B25002_002,6435,314,2020,Occupied
2502746925,Northbridge,B25002_003,267,151,2020,Vacant
2502747135,North Brookfield,B25002_002,1874,108,2020,Occupied
2502747135,North Brookfield,B25002_003,147,91,2020,Vacant
2502750670,Oakham,B25002_002,620,51,2020,Occupied
2502750670,Oakham,B25002_003,61,34,2020,Vacant
2502751825,Oxford,B25002_002,5042,391,2020,Occupied
2502751825,Oxford,B25002_003,281,170,2020,Vacant
2502752420,Paxton,B25002_002,1621,152,2020,Occupied
2502752420,Paxton,B25002_003,60,43,2020,Vacant
2502755395,Princeton,B25002_002,1267,92,2020,Occupied
2502755395,Princeton,B25002_003,75,83,2020,Vacant
2502758825,Rutland,B25002_002,2879,200,2020,Occupied
2502758825,Rutland,B25002_003,313,157,2020,Vacant
2502761800,Shrewsbury,B25002_002,13753,420,2020,Occupied
2502761800,Shrewsbury,B25002_003,959,307,2020,Vacant
2502766105,Spencer,B25002_002,5114,376,2020,Occupied
2502766105,Spencer,B25002_003,665,238,2020,Vacant
2502768155,Sturbridge,B25002_002,3726,207,2020,Occupied
2502768155,Sturbridge,B25002_003,243,121,2020,Vacant
2502768610,Sutton,B25002_002,3349,271,2020,Occupied
2502768610,Sutton,B25002_003,153,122,2020,Vacant
2502771480,Upton,B25002_002,2753,244,2020,Occupied
2502771480,Upton,B25002_003,188,122,2020,Vacant
2502771620,Uxbridge,B25002_002,5382,258,2020,Occupied
2502771620,Uxbridge,B25002_003,314,151,2020,Vacant
2502773090,Warren,B25002_002,1971,269,2020,Occupied
2502773090,Warren,B25002_003,244,130,2020,Vacant
2502773895,Webster,B25002_002,6987,318,2020,Occupied
2502773895,Webster,B25002_003,904,212,2020,Vacant
2502775015,Westborough,B25002_002,6961,299,2020,Occupied
2502775015,Westborough,B25002_003,447,171,2020,Vacant
2502775155,West Boylston,B25002_002,2645,349,2020,Occupied
2502775155,West Boylston,B25002_003,117,83,2020,Vacant
2502775400,West Brookfield,B25002_002,1501,136,2020,Occupied
2502775400,West Brookfield,B25002_003,177,105,2020,Vacant
2502782000,Worcester,B25002_002,72289,1083,2020,Occupied
2502782000,Worcester,B25002_003,5969,551,2020,Vacant
2502702760,Auburn,B25002_002,6595,237,2021,Occupied
2502702760,Auburn,B25002_003,283,119,2021,Vacant
2502703740,Barre,B25002_002,1918,147,2021,Occupied
2502703740,Barre,B25002_003,315,182,2021,Vacant
2502705490,Berlin,B25002_002,1311,126,2021,Occupied
2502705490,Berlin,B25002_003,47,50,2021,Vacant
2502706015,Blackstone,B25002_002,3874,264,2021,Occupied
2502706015,Blackstone,B25002_003,148,98,2021,Vacant
2502707525,Boylston,B25002_002,1834,91,2021,Occupied
2502707525,Boylston,B25002_003,49,58,2021,Vacant
2502709105,Brookfield,B25002_002,1395,122,2021,Occupied
2502709105,Brookfield,B25002_003,26,42,2021,Vacant
2502712715,Charlton,B25002_002,4776,245,2021,Occupied
2502712715,Charlton,B25002_003,327,168,2021,Vacant
2502717300,Douglas,B25002_002,3133,198,2021,Occupied
2502717300,Douglas,B25002_003,196,144,2021,Vacant
2502717685,Dudley,B25002_002,4199,343,2021,Occupied
2502717685,Dudley,B25002_003,121,92,2021,Vacant
2502718560,East Brookfield,B25002_002,835,128,2021,Occupied
2502718560,East Brookfield,B25002_003,157,62,2021,Vacant
2502726430,Grafton,B25002_002,7468,341,2021,Occupied
2502726430,Grafton,B25002_003,254,126,2021,Vacant
2502728740,Hardwick,B25002_002,1028,124,2021,Occupied
2502728740,Hardwick,B25002_003,85,57,2021,Vacant
2502730560,Holden,B25002_002,7180,226,2021,Occupied
2502730560,Holden,B25002_003,92,81,2021,Vacant
2502730945,Hopedale,B25002_002,2116,245,2021,Occupied
2502730945,Hopedale,B25002_003,53,58,2021,Vacant
2502734795,Leicester,B25002_002,3924,322,2021,Occupied
2502734795,Leicester,B25002_003,269,151,2021,Vacant
2502740255,Mendon,B25002_002,2076,123,2021,Occupied
2502740255,Mendon,B25002_003,113,103,2021,Vacant
2502741340,Millbury,B25002_002,5165,286,2021,Occupied
2502741340,Millbury,B25002_003,307,156,2021,Vacant
2502741585,Millville,B25002_002,1275,80,2021,Occupied
2502741585,Millville,B25002_003,60,41,2021,Vacant
2502745105,New Braintree,B25002_002,430,65,2021,Occupied
2502745105,New Braintree,B25002_003,16,16,2021,Vacant
2502746820,Northborough,B25002_002,5662,223,2021,Occupied
2502746820,Northborough,B25002_003,161,102,2021,Vacant
2502746925,Northbridge,B25002_002,6364,345,2021,Occupied
2502746925,Northbridge,B25002_003,310,166,2021,Vacant
2502747135,North Brookfield,B25002_002,1883,119,2021,Occupied
2502747135,North Brookfield,B25002_003,175,98,2021,Vacant
2502750670,Oakham,B25002_002,625,49,2021,Occupied
2502750670,Oakham,B25002_003,42,33,2021,Vacant
2502751825,Oxford,B25002_002,4800,364,2021,Occupied
2502751825,Oxford,B25002_003,404,192,2021,Vacant
2502752420,Paxton,B25002_002,1588,158,2021,Occupied
2502752420,Paxton,B25002_003,65,54,2021,Vacant
2502755395,Princeton,B25002_002,1298,98,2021,Occupied
2502755395,Princeton,B25002_003,71,85,2021,Vacant
2502758825,Rutland,B25002_002,3052,229,2021,Occupied
2502758825,Rutland,B25002_003,292,192,2021,Vacant
2502761800,Shrewsbury,B25002_002,13808,458,2021,Occupied
2502761800,Shrewsbury,B25002_003,915,276,2021,Vacant
2502766105,Spencer,B25002_002,5186,337,2021,Occupied
2502766105,Spencer,B25002_003,596,245,2021,Vacant
2502768155,Sturbridge,B25002_002,3890,188,2021,Occupied
2502768155,Sturbridge,B25002_003,357,170,2021,Vacant
2502768610,Sutton,B25002_002,3371,255,2021,Occupied
2502768610,Sutton,B25002_003,64,79,2021,Vacant
2502771480,Upton,B25002_002,2692,170,2021,Occupied
2502771480,Upton,B25002_003,137,110,2021,Vacant
2502771620,Uxbridge,B25002_002,5373,349,2021,Occupied
2502771620,Uxbridge,B25002_003,371,168,2021,Vacant
2502773090,Warren,B25002_002,1899,242,2021,Occupied
2502773090,Warren,B25002_003,192,113,2021,Vacant
2502773895,Webster,B25002_002,7414,279,2021,Occupied
2502773895,Webster,B25002_003,975,262,2021,Vacant
2502775015,Westborough,B25002_002,7980,293,2021,Occupied
2502775015,Westborough,B25002_003,425,203,2021,Vacant
2502775155,West Boylston,B25002_002,2825,188,2021,Occupied
2502775155,West Boylston,B25002_003,87,60,2021,Vacant
2502775400,West Brookfield,B25002_002,1535,137,2021,Occupied
2502775400,West Brookfield,B25002_003,195,107,2021,Vacant
2502782000,Worcester,B25002_002,78780,1209,2021,Occupied
2502782000,Worcester,B25002_003,6438,608,2021,Vacant
2502702760,Auburn,B25002_002,6710,211,2022,Occupied
2502702760,Auburn,B25002_003,272,132,2022,Vacant
2502703740,Barre,B25002_002,1861,147,2022,Occupied
2502703740,Barre,B25002_003,280,175,2022,Vacant
2502705490,Berlin,B25002_002,1432,141,2022,Occupied
2502705490,Berlin,B25002_003,65,66,2022,Vacant
2502706015,Blackstone,B25002_002,3874,310,2022,Occupied
2502706015,Blackstone,B25002_003,156,85,2022,Vacant
2502707525,Boylston,B25002_002,1864,102,2022,Occupied
2502707525,Boylston,B25002_003,32,51,2022,Vacant
2502709105,Brookfield,B25002_002,1445,131,2022,Occupied
2502709105,Brookfield,B25002_003,26,41,2022,Vacant
2502712715,Charlton,B25002_002,4833,229,2022,Occupied
2502712715,Charlton,B25002_003,307,150,2022,Vacant
2502717300,Douglas,B25002_002,3121,206,2022,Occupied
2502717300,Douglas,B25002_003,225,119,2022,Vacant
2502717685,Dudley,B25002_002,4277,329,2022,Occupied
2502717685,Dudley,B25002_003,89,85,2022,Vacant
2502718560,East Brookfield,B25002_002,871,125,2022,Occupied
2502718560,East Brookfield,B25002_003,110,53,2022,Vacant
2502726430,Grafton,B25002_002,7573,318,2022,Occupied
2502726430,Grafton,B25002_003,253,128,2022,Vacant
2502728740,Hardwick,B25002_002,1082,114,2022,Occupied
2502728740,Hardwick,B25002_003,85,56,2022,Vacant
2502730560,Holden,B25002_002,7118,211,2022,Occupied
2502730560,Holden,B25002_003,59,62,2022,Vacant
2502730945,Hopedale,B25002_002,2171,262,2022,Occupied
2502730945,Hopedale,B25002_003,129,87,2022,Vacant
2502734795,Leicester,B25002_002,4052,319,2022,Occupied
2502734795,Leicester,B25002_003,253,147,2022,Vacant
2502740255,Mendon,B25002_002,2054,126,2022,Occupied
2502740255,Mendon,B25002_003,121,109,2022,Vacant
2502741340,Millbury,B25002_002,5209,289,2022,Occupied
2502741340,Millbury,B25002_003,339,161,2022,Vacant
2502741585,Millville,B25002_002,1275,87,2022,Occupied
2502741585,Millville,B25002_003,40,38,2022,Vacant
2502745105,New Braintree,B25002_002,402,65,2022,Occupied
2502745105,New Braintree,B25002_003,25,22,2022,Vacant
2502746820,Northborough,B25002_002,5812,194,2022,Occupied
2502746820,Northborough,B25002_003,122,91,2022,Vacant
2502746925,Northbridge,B25002_002,6466,292,2022,Occupied
2502746925,Northbridge,B25002_003,390,184,2022,Vacant
2502747135,North Brookfield,B25002_002,1871,111,2022,Occupied
2502747135,North Brookfield,B25002_003,203,99,2022,Vacant
2502750670,Oakham,B25002_002,613,49,2022,Occupied
2502750670,Oakham,B25002_003,61,38,2022,Vacant
2502751825,Oxford,B25002_002,4884,342,2022,Occupied
2502751825,Oxford,B25002_003,316,182,2022,Vacant
2502752420,Paxton,B25002_002,1611,105,2022,Occupied
2502752420,Paxton,B25002_003,77,58,2022,Vacant
2502755395,Princeton,B25002_002,1316,99,2022,Occupied
2502755395,Princeton,B25002_003,66,80,2022,Vacant
2502758825,Rutland,B25002_002,3058,211,2022,Occupied
2502758825,Rutland,B25002_003,272,183,2022,Vacant
2502761800,Shrewsbury,B25002_002,14424,471,2022,Occupied
2502761800,Shrewsbury,B25002_003,777,236,2022,Vacant
2502766105,Spencer,B25002_002,5084,367,2022,Occupied
2502766105,Spencer,B25002_003,657,275,2022,Vacant
2502768155,Sturbridge,B25002_002,3957,188,2022,Occupied
2502768155,Sturbridge,B25002_003,453,223,2022,Vacant
2502768610,Sutton,B25002_002,3297,237,2022,Occupied
2502768610,Sutton,B25002_003,139,124,2022,Vacant
2502771480,Upton,B25002_002,2733,197,2022,Occupied
2502771480,Upton,B25002_003,112,111,2022,Vacant
2502771620,Uxbridge,B25002_002,5375,350,2022,Occupied
2502771620,Uxbridge,B25002_003,353,182,2022,Vacant
2502773090,Warren,B25002_002,2010,264,2022,Occupied
2502773090,Warren,B25002_003,147,106,2022,Vacant
2502773895,Webster,B25002_002,7311,288,2022,Occupied
2502773895,Webster,B25002_003,896,259,2022,Vacant
2502775015,Westborough,B25002_002,7962,282,2022,Occupied
2502775015,Westborough,B25002_003,590,231,2022,Vacant
2502775155,West Boylston,B25002_002,2862,148,2022,Occupied
2502775155,West Boylston,B25002_003,68,60,2022,Vacant
2502775400,West Brookfield,B25002_002,1539,134,2022,Occupied
2502775400,West Brookfield,B25002_003,220,118,2022,Vacant
2502782000,Worcester,B25002_002,78977,1066,2022,Occupied
2502782000,Worcester,B25002_003,5794,669,2022,Vacant
2502702760,Auburn,B25002_002,6854,265,2023,Occupied
2502702760,Auburn,B25002_003,252,144,2023,Vacant
2502703740,Barre,B25002_002,1919,136,2023,Occupied
2502703740,Barre,B25002_003,238,164,2023,Vacant
2502705490,Berlin,B25002_002,1447,126,2023,Occupied
2502705490,Berlin,B25002_003,55,57,2023,Vacant
2502706015,Blackstone,B25002_002,3969,277,2023,Occupied
2502706015,Blackstone,B25002_003,110,72,2023,Vacant
2502707525,Boylston,B25002_002,1932,82,2023,Occupied
2502707525,Boylston,B25002_003,32,51,2023,Vacant
2502709105,Brookfield,B25002_002,1473,111,2023,Occupied
2502709105,Brookfield,B25002_003,73,68,2023,Vacant
2502712715,Charlton,B25002_002,4977,269,2023,Occupied
2502712715,Charlton,B25002_003,263,135,2023,Vacant
2502717300,Douglas,B25002_002,3282,222,2023,Occupied
2502717300,Douglas,B25002_003,235,121,2023,Vacant
2502717685,Dudley,B25002_002,4255,298,2023,Occupied
2502717685,Dudley,B25002_003,40,41,2023,Vacant
2502718560,East Brookfield,B25002_002,905,133,2023,Occupied
2502718560,East Brookfield,B25002_003,109,65,2023,Vacant
2502726430,Grafton,B25002_002,7700,349,2023,Occupied
2502726430,Grafton,B25002_003,282,169,2023,Vacant
2502728740,Hardwick,B25002_002,1118,119,2023,Occupied
2502728740,Hardwick,B25002_003,63,49,2023,Vacant
2502730560,Holden,B25002_002,7124,237,2023,Occupied
2502730560,Holden,B25002_003,21,34,2023,Vacant
2502730945,Hopedale,B25002_002,2171,282,2023,Occupied
2502730945,Hopedale,B25002_003,149,112,2023,Vacant
2502734795,Leicester,B25002_002,4098,330,2023,Occupied
2502734795,Leicester,B25002_003,245,132,2023,Vacant
2502740255,Mendon,B25002_002,2103,139,2023,Occupied
2502740255,Mendon,B25002_003,123,121,2023,Vacant
2502741340,Millbury,B25002_002,5292,317,2023,Occupied
2502741340,Millbury,B25002_003,311,127,2023,Vacant
2502741585,Millville,B25002_002,1222,76,2023,Occupied
2502741585,Millville,B25002_003,40,36,2023,Vacant
2502745105,New Braintree,B25002_002,380,46,2023,Occupied
2502745105,New Braintree,B25002_003,16,16,2023,Vacant
2502746820,Northborough,B25002_002,5715,240,2023,Occupied
2502746820,Northborough,B25002_003,198,138,2023,Vacant
2502746925,Northbridge,B25002_002,6730,291,2023,Occupied
2502746925,Northbridge,B25002_003,311,147,2023,Vacant
2502747135,North Brookfield,B25002_002,1897,138,2023,Occupied
2502747135,North Brookfield,B25002_003,266,136,2023,Vacant
2502750670,Oakham,B25002_002,640,53,2023,Occupied
2502750670,Oakham,B25002_003,57,40,2023,Vacant
2502751825,Oxford,B25002_002,4882,337,2023,Occupied
2502751825,Oxford,B25002_003,236,156,2023,Vacant
2502752420,Paxton,B25002_002,1633,132,2023,Occupied
2502752420,Paxton,B25002_003,94,70,2023,Vacant
2502755395,Princeton,B25002_002,1324,103,2023,Occupied
2502755395,Princeton,B25002_003,85,95,2023,Vacant
2502758825,Rutland,B25002_002,3091,221,2023,Occupied
2502758825,Rutland,B25002_003,166,162,2023,Vacant
2502761800,Shrewsbury,B25002_002,14508,535,2023,Occupied
2502761800,Shrewsbury,B25002_003,810,265,2023,Vacant
2502766105,Spencer,B25002_002,5135,314,2023,Occupied
2502766105,Spencer,B25002_003,653,254,2023,Vacant
2502768155,Sturbridge,B25002_002,4031,167,2023,Occupied
2502768155,Sturbridge,B25002_003,301,190,2023,Vacant
2502768610,Sutton,B25002_002,3247,207,2023,Occupied
2502768610,Sutton,B25002_003,139,125,2023,Vacant
2502771480,Upton,B25002_002,2954,187,2023,Occupied
2502771480,Upton,B25002_003,69,86,2023,Vacant
2502771620,Uxbridge,B25002_002,5475,342,2023,Occupied
2502771620,Uxbridge,B25002_003,89,86,2023,Vacant
2502773090,Warren,B25002_002,2236,256,2023,Occupied
2502773090,Warren,B25002_003,173,134,2023,Vacant
2502773895,Webster,B25002_002,7468,333,2023,Occupied
2502773895,Webster,B25002_003,743,257,2023,Vacant
2502775015,Westborough,B25002_002,8065,297,2023,Occupied
2502775015,Westborough,B25002_003,342,192,2023,Vacant
2502775155,West Boylston,B25002_002,2940,139,2023,Occupied
2502775155,West Boylston,B25002_003,32,48,2023,Vacant
2502775400,West Brookfield,B25002_002,1627,155,2023,Occupied
2502775400,West Brookfield,B25002_003,204,107,2023,Vacant
2502782000,Worcester,B25002_002,79089,1185,2023,Occupied
2502782000,Worcester,B25002_003,6282,735,2023,Vacant
